{"produtos":[{"element":"<tr><td><input type=\"text\" class=\"form-control produto\"><\/td><td><input type=\"number\" class=\"form-control consumo\"><\/td><td><input type=\"number\" class=\"form-control preco\"><\/td><td class=\"valor-final\">0<\/td><td class=\"percentual-individual\">0%<\/td><td class=\"percentual-acumulada\">0%<\/td><td class=\"classificacao\"><\/td><td class=\"excluir\"><button class=\"btn btn-danger\">Excluir<\/button><\/td><\/tr>","consumo":0,"preco":0},{"element":"<tr><td><input type=\"text\" class=\"form-control produto\"><\/td><td><input type=\"number\" class=\"form-control consumo\"><\/td><td><input type=\"number\" class=\"form-control preco\"><\/td><td class=\"valor-final\">0<\/td><td class=\"percentual-individual\">0%<\/td><td class=\"percentual-acumulada\">0%<\/td><td class=\"classificacao\"><\/td><td class=\"excluir\"><button class=\"btn btn-danger\">Excluir<\/button><\/td><\/tr>","consumo":0,"preco":0}]}